,roc_auc,pr_auc,std on p1
MLPClassifier,0.5429126213592234,0.23360158024817745,0.23505184054374695
RandomForestClassifier,0.5289320388349514,0.25593093277071804,0.12484546036276685
XGBClassifier,0.549126213592233,0.2536782609398894,0.1567210555076599
