,roc_auc,pr_auc,std on p1
MLPClassifier,0.7834476843910806,0.9308243637488345,0.3304247260093689
RandomForestClassifier,0.8216123499142367,0.9554106643475218,0.2418644113951488
XGBClassifier,0.7945969125214408,0.9482165286663818,0.3461756706237793
