,roc_auc,pr_auc,std on p1
MLPClassifier,0.5434343434343434,0.21080350598355616,0.22772961854934692
RandomForestClassifier,0.6191919191919192,0.3236710780015025,0.08858269755647157
XGBClassifier,0.6227272727272728,0.23822096061045955,0.1463637501001358
