,roc_auc,pr_auc,std on p1
MLPClassifier,0.8194682675814752,0.9247274698640096,0.32516565918922424
RandomForestClassifier,0.847770154373928,0.9618054026971725,0.20887660158226787
XGBClassifier,0.8456260720411664,0.9601600248646545,0.22940073907375336
