,roc_auc,pr_auc,std on p1
MLP,0.7182675814751286,0.9069792743192968,0.06099051982164383
RF,0.8001715265866208,0.9535745721608064,0.1652382685983216
XGBClassifier,0.7547169811320755,0.9390366281277827,0.16924956440925598
