,roc_auc,pr_auc,std on p1
MLP,0.5536931818181818,0.738442974018575,0.03825140371918678
RF,0.5258522727272728,0.7087482949450048,0.11252904448803691
XGBClassifier,0.5599431818181818,0.7287261268326563,0.26155999302864075
