,roc_auc,pr_auc,std on p1
MLPClassifier,0.6082386363636363,0.7651610290424757,0.31574976444244385
RandomForestClassifier,0.6343749999999999,0.7760464878492646,0.17585125367900853
XGBClassifier,0.687215909090909,0.8161281997277032,0.018731551244854927
