,roc_auc,pr_auc,std on p1
MLPClassifier,0.6000000000000001,0.3149515789051527,0.1830393671989441
RandomForestClassifier,0.6343434343434343,0.36901461987132456,0.08017148773271866
XGBClassifier,0.5949494949494949,0.32901586106638714,0.00985377375036478
