,roc_auc,pr_auc,std on p1
MLP,0.5021359223300971,0.19661438933476372,0.041343528777360916
RF,0.5615533980582524,0.2571401686303313,0.08053609055330722
XGBClassifier,0.5122330097087379,0.21775030688284408,0.0719074010848999
