,roc_auc,pr_auc,std on p1
MLPClassifier,0.5137864077669902,0.25521132787060996,0.2793021500110626
RandomForestClassifier,0.5079611650485437,0.23365493101835905,0.11996003013139932
XGBClassifier,0.49747572815533986,0.21429370380384927,0.20211179554462433
