,roc_auc,pr_auc,std on p1
MLPClassifier,0.6196022727272728,0.7622289530603903,0.28783902525901794
RandomForestClassifier,0.6829545454545454,0.7920544343812945,0.17963859048907713
XGBClassifier,0.6843750000000001,0.775986915978381,0.017847418785095215
