,roc_auc,pr_auc,std on p1
MLPClassifier,0.5502912621359224,0.22886349609192125,0.30656683444976807
RandomForestClassifier,0.49398058252427185,0.22281764612444738,0.13532305616371004
XGBClassifier,0.5347572815533981,0.20173661048701896,0.2298656404018402
