,roc_auc,pr_auc,std on p1
MLPClassifier,0.6386363636363637,0.7590832771458194,0.30815282464027405
RandomForestClassifier,0.6644886363636363,0.7804891162749945,0.17731649051091036
XGBClassifier,0.6582386363636363,0.7916978369155494,0.2909279763698578
