,roc_auc,pr_auc,std on p1
MLPClassifier,0.5565656565656566,0.2359225274240887,0.22386620938777924
RandomForestClassifier,0.593939393939394,0.2708798627737189,0.10613804948732788
XGBClassifier,0.5707070707070707,0.22016890761793328,0.1496080607175827
