,roc_auc,pr_auc,std on p1
MLPClassifier,0.7954545454545454,0.9248512560792028,0.3530861437320709
RandomForestClassifier,0.8331903945111492,0.9563186641206917,0.2066127413267143
XGBClassifier,0.8344768439108062,0.9554669333597708,0.19261102378368378
