,roc_auc,pr_auc,std on p1
MLP,0.47878787878787876,0.21220214980474444,0.03640163317322731
RF,0.598989898989899,0.19980620606562832,0.056391340498901266
XGBClassifier,0.6171717171717171,0.22640527018855636,0.03250719979405403
